setting,n_features,accuracy,precision,recall,f1,roc_auc,train_seconds,f1_delta_vs_all_features
all_features,21,0.7544380790720702,0.7333592837680031,0.7995473192813694,0.7650243638332431,0.8301504587133934,0.4703369000344537,0.0
without_health_condition,13,0.7109413678477968,0.6940395627277459,0.7544207101428774,0.7229715989968142,0.7852561625824891,0.3258559000096284,-0.042052764836428946
without_lifestyle,15,0.7373223000212179,0.7121537877829771,0.7965766020653557,0.7520032051282052,0.814113477916108,0.4266065999981947,-0.01302115870503795
without_healthcare_access,18,0.7523162882806422,0.7314730694354316,0.7972839156882161,0.762961960200352,0.8284412408461911,0.4289417999680154,-0.002062403632891119
without_demographic,17,0.7410707970860739,0.7250396196513471,0.7766303579006931,0.7499487739908476,0.817571121035067,0.3688195999711752,-0.015075589842395543
