generation,best_fitness,selected_features
1,0.44118775540590055,19
2,0.45610297082671425,19
3,0.45610297082671425,19
