generation,best_fitness,selected_features
1,0.44487032952197125,16
2,0.4641826484134687,17
3,0.4677882468190644,19
4,0.4684368705026982,16
5,0.47316576726273796,16
6,0.47316576726273796,16
7,0.47316576726273796,16
8,0.47316576726273796,16
