generation,best_fitness,selected_features
1,0.7665106418963458,16
2,0.7685796211392703,12
3,0.7685796211392703,12
