parameter,value,accuracy,precision,recall,f1,roc_auc,train_seconds
learning_rate,0.03,0.7544380790720702,0.7332382310984308,0.7998302447305136,0.7650879566982408,0.8304232596733392,0.8125436999835074
learning_rate,0.06,0.7544380790720702,0.7333592837680031,0.7995473192813694,0.7650243638332431,0.8301504587133934,0.617705799988471
learning_rate,0.1,0.7545795317914987,0.7335496430889034,0.7995473192813694,0.7651279274400975,0.8299030590163679,0.4159378999611363
learning_rate,0.15,0.7523162882806422,0.7305157037611477,0.7995473192813694,0.7634742671889775,0.8291097772752438,0.28132380003808066
max_leaf_nodes,15.0,0.7528113727986421,0.7306997159824425,0.800679021077946,0.7640904488693891,0.8297868074704325,0.4434111000155099
max_leaf_nodes,31.0,0.7544380790720702,0.7333592837680031,0.7995473192813694,0.7650243638332431,0.8301504587133934,0.5026625999598764
max_leaf_nodes,45.0,0.7529528255180706,0.7332376728411166,0.795161974819635,0.7629453681710214,0.8301630843115837,0.5374521999619901
max_leaf_nodes,63.0,0.7523870146403565,0.7318689888224591,0.7965766020653557,0.7628530786425524,0.829384569117947,0.6108070000191219
