model,accuracy,precision,recall,f1,roc_auc,train_seconds,inference_seconds
Histogram Gradient Boosting,0.7544380790720702,0.7333592837680031,0.7995473192813694,0.7650243638332431,0.8301504587133934,1.8615278000361286,0.04203439998673275
Residual MLP,0.7512553928849283,0.726530612244898,0.8057716791625407,0.7641022201354887,0.8289445540152504,4.078071299998555,0.03236569999717176
MLP,0.7516090246834995,0.7319076802712218,0.7940302730230584,0.7617044375084815,0.8278184947205591,1.12772709998535,0.012149000016506761
GA Optimized hgb,0.7509017610863569,0.7310749185667752,0.7937473475739143,0.7611231687466088,0.8275671732846345,0.4947774999891408,0.04130450001684949
Random Forest,0.7443242096329302,0.7252804591703627,0.7865327486207384,0.7546657617916526,0.8241005061644334,0.8832699999911711,0.14541840000310913
Logistic Regression,0.7458094631869298,0.7372013651877133,0.7638987126892064,0.7503126302626094,0.8232188552404137,0.03601739997975528,0.0038440999924205244
